{
  "urls": [
    "sprite124.webm"
  ],
  "sprite": {
    "chop-1": [
      0,
      173.08390022675738
    ],
    "chop-11": [
      2000,
      3621.519274376418
    ],
    "chop-120": [
      7000,
      513.9455782312928
    ],
    "chop-2": [
      9000,
      363.3560090702943
    ],
    "chop-30": [
      11000,
      701.1111111111106
    ],
    "chop-41": [
      13000,
      171.83673469387804
    ],
    "chop-52": [
      15000,
      419.6598639455775
    ],
    "chop-63": [
      17000,
      513.7414965986409
    ],
    "chop-74": [
      19000,
      1167.1201814058954
    ],
    "chop-85": [
      22000,
      623.945578231293
    ],
    "chop-96": [
      24000,
      2583.7641723356023
    ],
    "chop-10": [
      28000,
      2828.752834467121
    ],
    "chop-110": [
      32000,
      2123.0839002267603
    ],
    "chop-121": [
      36000,
      2289.115646258502
    ],
    "chop-20": [
      40000,
      3927.165532879819
    ],
    "chop-31": [
      45000,
      218.20861678004633
    ],
    "chop-42": [
      47000,
      596.7573696145153
    ],
    "chop-53": [
      49000,
      293.42403628118063
    ],
    "chop-64": [
      51000,
      252.8798185941028
    ],
    "chop-75": [
      53000,
      356.96145124716594
    ],
    "chop-86": [
      55000,
      750.9297052154195
    ],
    "chop-97": [
      57000,
      1296.1678004535174
    ],
    "chop-100": [
      60000,
      849.9773242630368
    ],
    "chop-111": [
      62000,
      3082.403628117916
    ],
    "chop-122": [
      67000,
      2683.854875283444
    ],
    "chop-21": [
      71000,
      634.9433106575901
    ],
    "chop-32": [
      73000,
      780.7482993197254
    ],
    "chop-43": [
      75000,
      561.065759637188
    ],
    "chop-54": [
      77000,
      108.39002267573505
    ],
    "chop-65": [
      79000,
      773.6734693877594
    ],
    "chop-76": [
      81000,
      517.0748299319712
    ],
    "chop-87": [
      83000,
      6682.063492063491
    ],
    "chop-98": [
      91000,
      496.71201814058463
    ],
    "chop-101": [
      93000,
      4616.417233560085
    ],
    "chop-112": [
      99000,
      1305.98639455782
    ],
    "chop-123": [
      102000,
      4099.024943310653
    ],
    "chop-22": [
      108000,
      259.2743764172383
    ],
    "chop-33": [
      110000,
      569.2517006802689
    ],
    "chop-44": [
      112000,
      678.0498866213094
    ],
    "chop-55": [
      114000,
      1048.1179138322004
    ],
    "chop-66": [
      117000,
      1426.1451247165553
    ],
    "chop-77": [
      120000,
      1393.0158730158696
    ],
    "chop-88": [
      123000,
      5301.950113378694
    ],
    "chop-99": [
      130000,
      578.9115646258551
    ],
    "chop-102": [
      132000,
      535.1927437641848
    ],
    "chop-113": [
      134000,
      1654.6938775510114
    ],
    "chop-124": [
      137000,
      3669.501133786838
    ],
    "chop-23": [
      142000,
      4166.666666666657
    ],
    "chop-34": [
      148000,
      1050.770975056679
    ],
    "chop-45": [
      151000,
      541.9047619047603
    ],
    "chop-56": [
      153000,
      463.24263038547997
    ],
    "chop-67": [
      155000,
      572.3809523809393
    ],
    "chop-78": [
      157000,
      484.2857142857042
    ],
    "chop-89": [
      159000,
      5778.0272108843465
    ],
    "chop-103": [
      166000,
      406.39455782311984
    ],
    "chop-114": [
      168000,
      3185.8049886621416
    ],
    "chop-13": [
      173000,
      1084.6712018140465
    ],
    "chop-24": [
      176000,
      1241.8367346938908
    ],
    "chop-35": [
      179000,
      2337.528344671199
    ],
    "chop-46": [
      183000,
      341.6780045351402
    ],
    "chop-57": [
      185000,
      169.18367346937657
    ],
    "chop-68": [
      187000,
      178.253968253955
    ],
    "chop-79": [
      189000,
      618.7981859410456
    ],
    "chop-9": [
      191000,
      4366.4399092970425
    ],
    "chop-104": [
      197000,
      516.7346938775381
    ],
    "chop-115": [
      199000,
      1147.732426303861
    ],
    "chop-14": [
      202000,
      1084.6938775510182
    ],
    "chop-25": [
      205000,
      771.8594104308352
    ],
    "chop-36": [
      207000,
      269.7052154194921
    ],
    "chop-47": [
      209000,
      174.46712018141852
    ],
    "chop-58": [
      211000,
      464.1950113378641
    ],
    "chop-69": [
      213000,
      760.2721088435374
    ],
    "chop-8": [
      215000,
      5777.301587301594
    ],
    "chop-90": [
      222000,
      2269.954648526067
    ],
    "chop-105": [
      226000,
      2115.555555555545
    ],
    "chop-116": [
      230000,
      1230.4988662131393
    ],
    "chop-15": [
      233000,
      780.1587301587176
    ],
    "chop-26": [
      235000,
      252.2902494331163
    ],
    "chop-37": [
      237000,
      508.1632653061092
    ],
    "chop-48": [
      239000,
      538.616780045345
    ],
    "chop-59": [
      241000,
      145.98639455780926
    ],
    "chop-7": [
      243000,
      2003.9002267573665
    ],
    "chop-80": [
      247000,
      3499.8866213151987
    ],
    "chop-91": [
      252000,
      638.1632653061331
    ],
    "chop-106": [
      254000,
      1512.108843537419
    ],
    "chop-117": [
      257000,
      2710.3174603174693
    ],
    "chop-16": [
      261000,
      884.7392290249445
    ],
    "chop-27": [
      263000,
      510.52154195014054
    ],
    "chop-38": [
      265000,
      164.89795918369055
    ],
    "chop-49": [
      267000,
      913.3106575963552
    ],
    "chop-6": [
      269000,
      1209.9092970521497
    ],
    "chop-70": [
      272000,
      906.6666666666947
    ],
    "chop-81": [
      274000,
      2828.684807256252
    ],
    "chop-92": [
      278000,
      915.3968253968401
    ],
    "chop-107": [
      280000,
      306.9614512471617
    ],
    "chop-118": [
      282000,
      1579.5918367347213
    ],
    "chop-17": [
      285000,
      1507.3469387755267
    ],
    "chop-28": [
      288000,
      999.2970521541906
    ],
    "chop-39": [
      290000,
      132.81179138323296
    ],
    "chop-5": [
      292000,
      2711.836734693861
    ],
    "chop-60": [
      296000,
      496.1224489795768
    ],
    "chop-71": [
      298000,
      181.85941043083176
    ],
    "chop-82": [
      300000,
      1097.5736961451048
    ],
    "chop-93": [
      303000,
      654.0816326530603
    ],
    "chop-108": [
      305000,
      1579.8185941043243
    ],
    "chop-119": [
      308000,
      1387.6190476190686
    ],
    "chop-18": [
      311000,
      841.9047619047433
    ],
    "chop-29": [
      313000,
      3542.244897959165
    ],
    "chop-4": [
      318000,
      314.3537414965749
    ],
    "chop-50": [
      320000,
      1434.7392290249559
    ],
    "chop-61": [
      323000,
      268.2086167800435
    ],
    "chop-72": [
      325000,
      936.3718820861777
    ],
    "chop-83": [
      327000,
      875.1020408163299
    ],
    "chop-94": [
      329000,
      1422.2222222222172
    ],
    "chop-109": [
      332000,
      1046.1451247165314
    ],
    "chop-12": [
      335000,
      1391.723356009095
    ],
    "chop-19": [
      338000,
      884.9886621314909
    ],
    "chop-3": [
      340000,
      415.2154195011235
    ],
    "chop-40": [
      342000,
      440.1133786848277
    ],
    "chop-51": [
      344000,
      1056.7120181406153
    ],
    "chop-62": [
      347000,
      940.6122448979772
    ],
    "chop-73": [
      349000,
      803.1065759637386
    ],
    "chop-84": [
      351000,
      209.65986394560332
    ],
    "chop-95": [
      353000,
      2208.185941043098
    ]
  }
}